shot_id,shot_made_flag
6,0.405199643
7,0.344229526
15,0.393473766
56,0.704489985
62,0.209059071
69,0.324158926
79,0.318577248
95,0.91585374
96,0.677820851
107,0.308577515
116,0.742139221
121,0.374906121
124,0.70675552
147,0.391010218
162,0.238253284
166,0.44291626
176,0.93106377
193,0.406871114
201,0.407411218
219,0.400996859
225,0.63106607
231,0.366925556
247,0.356228337
260,0.917035953
280,0.319278894
283,0.919471353
294,0.293589427
308,0.761313131
311,0.312208271
319,0.257846349
321,0.19364275
324,0.310922301
329,0.74325163
340,0.720499369
344,0.422039424
345,0.395649901
350,0.390917416
351,0.292990779
352,0.361242201
353,0.339757237
370,0.363124272
378,0.272402505
389,0.39264375
391,0.297207541
410,0.932435368
412,0.383011204
416,0.807235222
418,0.40103299
442,0.41252591
453,0.701872423
465,0.50035864
470,0.352491604
472,0.691123873
493,0.75430723
497,0.413950368
533,0.597560785
553,0.822057397
558,0.345102573
563,0.396759325
582,0.304348442
587,0.42653786
605,0.415060066
607,0.660028544
608,0.333817507
631,0.924982175
640,0.318147764
642,0.404728546
646,0.366586844
647,0.398446746
652,0.757743342
656,0.353075814
666,0.352892375
685,0.401111362
693,0.371129762
707,0.383045764
712,0.408401544
731,0.669903972
743,0.21250379
747,0.774493941
761,0.412118282
764,0.329589619
766,0.325958129
770,0.353057533
808,0.68721447
816,0.401133703
824,0.617342212
837,0.299541422
846,0.736589733
853,0.779735412
863,0.704804542
867,0.388352674
886,0.34718538
907,0.705118555
909,0.375080477
913,0.697647986
926,0.331637845
932,0.664180048
936,0.270475251
959,0.3483299
972,0.36624206
980,0.616597858
989,0.301317344
1003,0.358447964
1004,0.346742533
1005,0.45651007
1009,0.392994554
1010,0.452732647
1013,0.389861452
1020,0.334001985
1023,0.415613713
1024,0.398222237
1025,0.312946058
1028,0.380201212
1031,0.298556168
1053,0.711216438
1079,0.279851117
1084,0.218214743
1091,0.317108803
1103,0.310925233
1116,0.767981342
1124,0.315522816
1150,0.656612033
1152,0.735139648
1157,0.426981973
1163,0.920442563
1175,0.262320823
1183,0.305048903
1200,0.30654396
1208,0.318447591
1217,0.407954933
1221,0.343281181
1228,0.417679455
1241,0.697688887
1272,0.842890967
1299,0.401111362
1314,0.935715379
1318,0.410758567
1319,0.687905404
1323,0.71574423
1345,0.401515279
1346,0.323774269
1354,0.402348763
1356,0.655849041
1364,0.374584231
1377,0.302728659
1384,0.589238549
1401,0.333305123
1402,0.334764961
1403,0.929138237
1412,0.385265275
1415,0.378985233
1416,0.325971137
1419,0.399436061
1420,0.340128243
1421,0.380135589
1433,0.418404625
1438,0.928376021
1449,0.727490627
1463,0.413780122
1472,0.666739551
1473,0.317328469
1489,0.931110685
1493,0.373582863
1502,0.921044257
1513,0.372685905
1517,0.346566254
1534,0.363866106
1553,0.648574033
1556,0.416259727
1564,0.723843295
1574,0.733008311
1585,0.648707352
1587,0.283219308
1593,0.753367201
1641,0.306170711
1653,0.3243944
1664,0.642434453
1682,0.343667627
1699,0.700025246
1704,0.378595036
1711,0.652884951
1714,0.647194907
1730,0.657027764
1732,0.264913658
1753,0.376604563
1760,0.260017031
1766,0.37763465
1779,0.287297454
1793,0.368595478
1807,0.807250766
1833,0.342274396
1842,0.414908351
1846,0.922040613
1848,0.399769581
1863,0.918732404
1871,0.277608293
1893,0.838467644
1900,0.356574884
1919,0.717408795
1942,0.351812615
1945,0.387240329
1977,0.756725932
1981,0.307815288
2008,0.330411729
2014,0.914212889
2028,0.358821677
2029,0.377145739
2048,0.391677931
2053,0.364211407
2055,0.400777988
2059,0.746512567
2070,0.827147173
2112,0.364842825
2113,0.318867225
2128,0.745647303
2132,0.636762445
2134,0.332837437
2143,0.667262699
2153,0.39763551
2166,0.678111993
2195,0.397411502
2196,0.322208186
2208,0.668429041
2210,0.294083979
2214,0.422095207
2227,0.332585966
2228,0.468060115
2236,0.445439644
2242,0.288647358
2258,0.394628056
2272,0.911231134
2279,0.409489752
2290,0.379350622
2291,0.300552686
2321,0.432880686
2328,0.685867466
2329,0.369993748
2335,0.369723545
2348,0.664328803
2361,0.270420486
2370,0.400972314
2405,0.339693785
2417,0.097328902
2434,0.307431182
2459,0.712705327
2477,0.651816985
2479,0.283042389
2486,0.313700801
2490,0.29172248
2502,0.380438676
2503,0.358422153
2529,0.301355792
2542,0.294471146
2593,0.351949742
2598,0.288346478
2599,0.672137528
2606,0.388633831
2619,0.385771962
2623,0.407260277
2624,0.402433175
2630,0.313047163
2636,0.358606804
2661,0.734734591
2670,0.352897193
2672,0.364573815
2678,0.351198554
2694,0.720790147
2700,0.393614384
2705,0.300365813
2713,0.080362177
2714,0.301302982
2716,0.283531691
2743,0.3386652
2759,0.411188592
2790,0.311967755
2810,0.342523717
2821,0.372473692
2826,0.38640981
2828,0.34623498
2851,0.378272548
2886,0.400065827
2889,0.312013944
2899,0.36140731
2904,0.258277189
2912,0.31068803
2928,0.625262062
2929,0.383077741
2938,0.300717346
2940,0.577398443
2942,0.354133274
2953,0.741735669
2968,0.598838057
2979,0.815063938
3013,0.373696526
3062,0.315593296
3063,0.676741315
3075,0.361059396
3078,0.318323434
3088,0.916674863
3090,0.333585205
3092,0.348615815
3101,0.333990741
3108,0.654031092
3109,0.539058826
3119,0.331177631
3123,0.276697497
3138,0.268544072
3150,0.90293122
3154,0.653131036
3174,0.417728697
3195,0.362434223
3209,0.61470752
3251,0.265136778
3283,0.314314078
3288,0.362621245
3307,0.32063625
3309,0.631583333
3316,0.658404045
3319,0.3015447
3348,0.38763014
3353,0.395546757
3357,0.374674921
3365,0.732565787
3380,0.396340533
3388,0.700821088
3400,0.340110264
3404,0.339290816
3407,0.346427368
3425,0.364372045
3427,0.334338835
3432,0.740382712
3437,0.702749258
3445,0.336415488
3446,0.300728643
3451,0.357759017
3455,0.391444556
3488,0.279305372
3501,0.345606406
3502,0.922663112
3519,0.415446812
3529,0.337967238
3531,0.255758817
3532,0.92633465
3539,0.357571856
3541,0.444958079
3547,0.399489644
3551,0.737248377
3563,0.282087069
3573,0.401140463
3574,0.733466752
3580,0.285977287
3582,0.31815271
3587,0.358864101
3599,0.376705457
3607,0.934414044
3609,0.435377075
3631,0.425960142
3635,0.325906294
3637,0.28617866
3638,0.220552237
3640,0.282276475
3658,0.298164363
3661,0.352724015
3678,0.733257972
3688,0.340147771
3689,0.364287325
3690,0.355130964
3702,0.306547443
3715,0.599195994
3717,0.288085231
3737,0.322992069
3738,0.323000635
3743,0.293048326
3749,0.327133276
3762,0.919820293
3764,0.625727856
3770,0.38674352
3794,0.368542026
3796,0.297270217
3799,0.380750257
3803,0.144208258
3810,0.237934455
3813,0.368355893
3818,0.634636928
3819,0.375840507
3825,0.265916171
3841,0.73128391
3874,0.269447444
3881,0.370634452
3888,0.313278212
3894,0.338639495
3895,0.315570806
3903,0.290748186
3918,0.277756601
3919,0.416075793
3924,0.376762543
3939,0.757567763
3948,0.298109593
3951,0.33920155
3953,0.30589686
3969,0.625996152
3980,0.349652059
3981,0.309478663
3988,0.292284419
3989,0.082404137
4003,0.422971107
4007,0.389939011
4011,0.68653018
4026,0.328929708
4044,0.272494941
4058,0.364210344
4072,0.679301858
4100,0.61235898
4102,0.728151694
4105,0.37684295
4135,0.363171209
4137,0.384670113
4138,0.302179164
4144,0.346302927
4145,0.926669456
4149,0.303918586
4200,0.36950235
4214,0.361474518
4215,0.719239375
4227,0.421200738
4233,0.272321803
4241,0.742278346
4248,0.296672017
4251,0.425769733
4261,0.267896353
4262,0.309771418
4284,0.678690782
4298,0.392713018
4304,0.294814932
4315,0.31618357
4333,0.582592771
4348,0.64946432
4362,0.390277482
4364,0.303672193
4371,0.335078694
4385,0.317341665
4397,0.747275178
4410,0.390029383
4414,0.401800456
4416,0.348830322
4437,0.077135349
4441,0.297159547
4454,0.391460572
4466,0.754749304
4477,0.382687579
4488,0.653771394
4491,0.613036062
4504,0.670516804
4518,0.405779204
4522,0.370212824
4524,0.925120132
4556,0.288056669
4566,0.812636385
4567,0.307884203
4569,0.315098149
4571,0.296914029
4573,0.336505395
4575,0.340791533
4589,0.914232624
4595,0.349663979
4616,0.718492184
4624,0.737861737
4640,0.315159572
4647,0.401735413
4669,0.326313099
4673,0.834460882
4688,0.389627438
4696,0.757235843
4710,0.165580133
4713,0.407461622
4721,0.390623662
4733,0.398671871
4736,0.741282744
4741,0.298955764
4752,0.699907717
4764,0.791608961
4773,0.424696971
4775,0.755794969
4778,0.344808369
4797,0.370199658
4810,0.406367625
4821,0.299641322
4855,0.683184393
4893,0.394586266
4902,0.351478129
4916,0.294494096
4932,0.33250671
4942,0.912135263
4947,0.391366613
4950,0.685858316
4978,0.468272252
4980,0.290737362
4994,0.770619942
5002,0.753172413
5004,0.340991517
5009,0.914016106
5030,0.393547141
5037,0.294978803
5042,0.283916406
5044,0.343262088
5045,0.728030821
5051,0.361747878
5053,0.364435003
5055,0.310176137
5059,0.333296087
5065,0.284819727
5077,0.348612085
5092,0.339435706
5094,0.757023676
5105,0.142591554
5109,0.740951562
5110,0.347613538
5111,0.241156581
5132,0.341302428
5144,0.924979557
5155,0.415898409
5164,0.664732273
5174,0.283170791
5178,0.372757781
5186,0.899092584
5192,0.822034138
5196,0.386111209
5226,0.308874021
5239,0.283259508
5249,0.768315
5267,0.275895988
5268,0.712925331
5269,0.676412516
5278,0.366955175
5285,0.756091425
5289,0.218343172
5306,0.382069524
5313,0.329469819
5339,0.654928453
5348,0.380668086
5352,0.787527813
5370,0.398578268
5378,0.375658679
5382,0.362349055
5387,0.30737666
5392,0.411885568
5401,0.351608149
5408,0.319388567
5412,0.441734719
5417,0.455371124
5421,0.437270768
5423,0.31392033
5433,0.312134427
5435,0.406514699
5442,0.663570734
5470,0.355793846
5496,0.419533588
5509,0.371486534
5526,0.315115768
5528,0.81115664
5544,0.756299751
5547,0.669627116
5548,0.375244047
5566,0.352877265
5569,0.410878472
5578,0.325386265
5579,0.783097401
5595,0.28738836
5597,0.372139948
5610,0.30351937
5635,0.344555744
5639,0.302325723
5648,0.312620189
5652,0.316873402
5655,0.287366633
5680,0.768277192
5681,0.427471526
5699,0.643861594
5706,0.354966204
5713,0.784182924
5715,0.336505783
5716,0.389021009
5731,0.404925573
5734,0.69597971
5743,0.930077062
5759,0.367702478
5764,0.394236538
5769,0.378654613
5795,0.399617749
5801,0.782030712
5808,0.31017265
5811,0.384535797
5830,0.793828339
5841,0.327186806
5858,0.348366898
5868,0.362534909
5871,0.370861976
5873,0.428194256
5883,0.31832422
5912,0.642193394
5923,0.28219271
5953,0.361290433
5954,0.254196685
5966,0.315481032
5974,0.365517892
5980,0.348489628
5991,0.377303823
5994,0.689065192
5999,0.402122305
6006,0.309784847
6044,0.432395241
6052,0.297628039
6056,0.793159127
6095,0.303874196
6096,0.262938708
6112,0.308936553
6113,0.754122064
6123,0.406920048
6127,0.406326155
6139,0.22364393
6148,0.594648005
6151,0.639197494
6161,0.737206797
6162,0.348001597
6164,0.366879897
6176,0.092660269
6178,0.313259934
6182,0.421246529
6197,0.335155879
6199,0.73399294
6202,0.380119596
6203,0.672929047
6216,0.346204598
6221,0.361657462
6225,0.24910646
6231,0.610017947
6247,0.420148711
6249,0.217189087
6257,0.313442103
6268,0.82178847
6277,0.400738156
6306,0.308549318
6311,0.633195563
6319,0.298559148
6354,0.383688727
6369,0.403001576
6370,0.403075464
6372,0.314930224
6391,0.284773644
6405,0.725911418
6413,0.416781429
6428,0.325380152
6461,0.395287938
6471,0.403572409
6473,0.314796691
6500,0.348093007
6543,0.790975268
6582,0.220914996
6597,0.3445013
6608,0.309527017
6610,0.264017724
6615,0.290827712
6618,0.358476004
6632,0.339077431
6642,0.302508866
6644,0.28654314
6656,0.411043566
6657,0.700300739
6659,0.392979871
6661,0.765363943
6666,0.335529004
6679,0.405533123
6680,0.751120313
6722,0.466629759
6726,0.326896811
6732,0.330245416
6733,0.293199692
6737,0.25489305
6754,0.353166054
6756,0.395853353
6759,0.237110343
6767,0.362749864
6772,0.773332375
6779,0.656373789
6782,0.352163514
6786,0.32047724
6800,0.682589212
6824,0.708126387
6833,0.322631584
6834,0.315130603
6837,0.359818996
6838,0.369781058
6844,0.362297993
6846,0.747991534
6858,0.370424424
6865,0.405115171
6879,0.790975268
6881,0.388724995
6882,0.312268037
6887,0.61939915
6889,0.357399108
6909,0.656759456
6912,0.315872852
6913,0.291731163
6917,0.33423693
6935,0.303197289
6945,0.390752368
6955,0.328829986
6965,0.348852784
6982,0.408285786
6990,0.354625557
6991,0.24227629
6998,0.396152964
7021,0.768569876
7023,0.606083843
7026,0.356531272
7038,0.601999708
7046,0.296574357
7052,0.375512517
7097,0.657074956
7126,0.335204959
7132,0.331164951
7137,0.318491318
7145,0.408196467
7156,0.442874692
7158,0.319160363
7159,0.319670135
7162,0.291812712
7171,0.345281406
7174,0.399054094
7202,0.434232052
7209,0.347121683
7211,0.314097581
7216,0.364694936
7225,0.664585636
7230,0.281518029
7236,0.293937789
7269,0.618465202
7271,0.76114458
7291,0.287266003
7301,0.663616914
7304,0.336160921
7310,0.314599299
7311,0.29991476
7314,0.928713819
7319,0.303532652
7323,0.644887407
7344,0.845787795
7349,0.375863935
7352,0.378284422
7369,0.37414575
7405,0.365219406
7413,0.376989291
7436,0.366140487
7449,0.667955955
7451,0.296424253
7457,0.376665647
7470,0.439086706
7479,0.381103534
7497,0.330176998
7502,0.406581637
7509,0.2902633
7518,0.355230568
7520,0.781240824
7537,0.405183553
7547,0.323235624
7570,0.365759649
7583,0.369196764
7596,0.383911325
7600,0.407015799
7602,0.392377789
7623,0.350027488
7635,0.419964289
7639,0.674294322
7641,0.331134796
7645,0.371584167
7650,0.367800532
7689,0.316270312
7700,0.39468706
7720,0.425177701
7730,0.340586996
7734,0.63109826
7737,0.364948461
7739,0.27734691
7758,0.615191736
7768,0.60235552
7769,0.357519678
7792,0.287658898
7800,0.382858334
7807,0.314539511
7823,0.647909068
7825,0.315319561
7832,0.296570876
7834,0.66250486
7840,0.75666179
7848,0.396429005
7866,0.410288168
7876,0.319118295
7889,0.387676352
7895,0.354383952
7905,0.321299831
7912,0.407333894
7915,0.402481438
7933,0.265242268
7934,0.396008305
7940,0.30196553
7954,0.356035398
7966,0.319251352
7967,0.320226248
7973,0.398116648
7974,0.676740855
7983,0.787049662
7984,0.37959293
8039,0.369866853
8067,0.320008465
8075,0.364858498
8080,0.363304994
8084,0.821601691
8105,0.362531629
8125,0.33827635
8130,0.387864911
8148,0.231371742
8150,0.33336724
8152,0.386401903
8169,0.617555305
8174,0.287407174
8191,0.304904564
8192,0.307426933
8220,0.33806816
8224,0.793955744
8225,0.447079979
8227,0.683951296
8233,0.700956049
8265,0.379470373
8276,0.257170091
8290,0.313447139
8291,0.316694997
8319,0.410638353
8321,0.379408091
8325,0.442956168
8368,0.323128755
8391,0.619089419
8394,0.360179197
8401,0.353054644
8405,0.355214828
8410,0.37938132
8417,0.78452923
8419,0.931329666
8430,0.390817549
8432,0.339477896
8437,0.388918001
8441,0.395946219
8452,0.356645467
8455,0.261556244
8478,0.397571162
8484,0.334504746
8498,0.38333842
8508,0.3847928
8513,0.390365302
8515,0.4087731
8534,0.353674979
8539,0.611699317
8547,0.406951074
8560,0.365179512
8570,0.387934223
8571,0.791617322
8576,0.613642997
8599,0.365468789
8603,0.440502716
8634,0.640557771
8637,0.387891548
8641,0.843187282
8642,0.362497107
8644,0.649748719
8663,0.366053285
8665,0.425107302
8667,0.312129279
8681,0.344798076
8685,0.612854801
8693,0.38032906
8695,0.298134636
8701,0.729439994
8706,0.3546573
8707,0.585611191
8709,0.311578908
8738,0.388753731
8759,0.372310162
8768,0.78583956
8780,0.251638613
8811,0.363068917
8815,0.11712242
8825,0.743823361
8826,0.35578851
8828,0.323157783
8854,0.355857554
8858,0.339257043
8874,0.697752829
8880,0.610332749
8894,0.290113538
8912,0.364002594
8920,0.57275342
8948,0.444532408
8951,0.786726407
8959,0.924898416
8961,0.424391563
9013,0.335035514
9014,0.620794607
9021,0.310111643
9033,0.293282781
9057,0.724244285
9079,0.330553952
9095,0.408106768
9103,0.355925943
9112,0.296201688
9144,0.377843632
9146,0.311466454
9151,0.796926342
9187,0.419215665
9188,0.416297208
9199,0.620903323
9205,0.670784916
9240,0.691277491
9241,0.928364967
9258,0.299140516
9267,0.430376323
9270,0.439729017
9272,0.843655396
9273,0.345133718
9283,0.383238156
9285,0.787524528
9294,0.410890199
9300,0.352164505
9304,0.322981222
9310,0.189533024
9362,0.342873833
9414,0.37465136
9421,0.318949103
9450,0.750133787
9464,0.352769428
9479,0.401059371
9482,0.316178866
9488,0.911316127
9490,0.666209291
9493,0.778009881
9500,0.421655263
9506,0.776398729
9514,0.844486049
9524,0.386738763
9527,0.298492173
9535,0.334740793
9541,0.463227354
9548,0.09965274
9551,0.692326941
9563,0.416563494
9569,0.745320948
9577,0.362661616
9595,0.422635102
9603,0.391972289
9611,0.315441323
9641,0.255855712
9659,0.778655264
9679,0.319992848
9680,0.367574455
9694,0.839768335
9700,0.420540972
9715,0.345812198
9718,0.392999779
9730,0.607208629
9735,0.39524304
9740,0.402802369
9775,0.835837052
9785,0.30078346
9806,0.320973538
9808,0.341767454
9813,0.391246284
9849,0.842157125
9863,0.57204367
9868,0.419409967
9879,0.333071381
9888,0.335095526
9893,0.396418651
9909,0.79137475
9923,0.300770435
9928,0.782420634
9933,0.306125833
9935,0.355157271
9941,0.401380156
9955,0.389249461
9991,0.601129453
9993,0.356611351
9995,0.572893855
10001,0.332137012
10002,0.833224746
10028,0.344696578
10041,0.308857149
10050,0.447868389
10051,0.416654605
10079,0.369770665
10096,0.343542339
10101,0.295125925
10104,0.637121322
10107,0.29077442
10124,0.61673746
10126,0.307490759
10134,0.389209933
10142,0.39824958
10143,0.415875633
10148,0.335923074
10169,0.36626839
10180,0.694347031
10181,0.307206803
10198,0.402866695
10212,0.389405054
10223,0.353121458
10250,0.378568548
10251,0.663745351
10265,0.313616915
10269,0.286757872
10304,0.926974161
10318,0.350249178
10331,0.372800676
10343,0.429673962
10346,0.222473271
10347,0.406407049
10352,0.924647373
10405,0.251038822
10419,0.600346323
10435,0.767751909
10438,0.344896851
10450,0.395423718
10451,0.573607961
10487,0.616852989
10494,0.401349667
10500,0.334653942
10515,0.785136331
10525,0.789458892
10531,0.386283724
10544,0.709321197
10545,0.789846172
10546,0.361134924
10558,0.397180081
10561,0.714393461
10563,0.383900941
10568,0.783423177
10570,0.395804046
10576,0.395071559
10631,0.098950342
10648,0.420515909
10650,0.375956383
10663,0.672813556
10667,0.649994377
10677,0.395592547
10700,0.318534037
10705,0.397498016
10712,0.287379911
10713,0.290432903
10717,0.275661825
10729,0.715529
10749,0.343784185
10775,0.787671046
10791,0.912288731
10805,0.40181048
10806,0.602961199
10816,0.382920276
10828,0.286694628
10829,0.754045441
10839,0.320088353
10849,0.370404349
10854,0.268146555
10857,0.734346981
10870,0.413246102
10876,0.297971659
10879,0.359684661
10899,0.362921853
10921,0.320150949
10926,0.354997733
10938,0.720310137
10954,0.274682504
10964,0.403429509
10989,0.395923541
10990,0.400848289
10999,0.388352656
11009,0.915961439
11017,0.371708174
11060,0.647247579
11081,0.262878171
11085,0.917870485
11095,0.320451917
11107,0.357855413
11131,0.398110927
11147,0.602866
11151,0.3165818
11153,0.379166983
11154,0.64490385
11161,0.31563536
11173,0.377973951
11178,0.576434939
11184,0.863753648
11186,0.760865872
11189,0.937978739
11191,0.366114558
11203,0.926284687
11204,0.413988994
11206,0.924056535
11209,0.304896683
11226,0.394557002
11230,0.693685255
11239,0.397090892
11242,0.396346016
11253,0.7664009
11255,0.636056309
11281,0.694840436
11297,0.307697482
11302,0.410397362
11354,0.455134098
11357,0.407325554
11399,0.64523696
11403,0.650108346
11406,0.778890301
11414,0.359427406
11420,0.419878409
11430,0.759920084
11454,0.326857951
11466,0.312410581
11473,0.594124599
11475,0.350471053
11476,0.245997807
11479,0.747963446
11489,0.348003085
11523,0.382522194
11527,0.39703291
11533,0.361452835
11544,0.374998241
11554,0.715305927
11561,0.340719043
11563,0.354375124
11622,0.286854253
11645,0.569027636
11647,0.535026095
11649,0.338172247
11655,0.319150655
11674,0.330209296
11676,0.315810249
11693,0.80352972
11706,0.405286233
11713,0.279925353
11718,0.405401677
11722,0.400068943
11729,0.310959087
11754,0.361456598
11761,0.732360686
11763,0.574653181
11772,0.352337225
11801,0.809451731
11815,0.320146517
11819,0.67821649
11821,0.421271571
11840,0.614495776
11842,0.30275544
11853,0.38948773
11908,0.422547659
11920,0.627987147
11950,0.739688884
11952,0.326665788
11977,0.595863566
11991,0.286506334
11995,0.309852561
12001,0.188845052
12008,0.745404544
12019,0.431255172
12034,0.324158332
12049,0.459858449
12050,0.478644637
12053,0.539837365
12082,0.307821435
12085,0.419683609
12092,0.785010937
12095,0.390078388
12107,0.235745317
12108,0.306659979
12111,0.420054411
12112,0.653858371
12114,0.730115767
12115,0.359197933
12117,0.609818708
12120,0.383709804
12126,0.424535973
12134,0.36561691
12136,0.341331863
12151,0.350314394
12153,0.364185034
12157,0.66121477
12166,0.338445224
12172,0.349768332
12175,0.344484953
12183,0.706815508
12187,0.401328432
12190,0.35584161
12212,0.36813359
12217,0.374219952
12227,0.733263651
12229,0.357212883
12232,0.40246192
12235,0.646193984
12241,0.614341355
12242,0.391360443
12244,0.315400343
12247,0.349109489
12271,0.349751304
12284,0.385687562
12313,0.446842086
12315,0.369953993
12321,0.26662307
12370,0.360674889
12381,0.599841758
12390,0.789550876
12393,0.643874352
12395,0.314264312
12398,0.411763401
12419,0.773457296
12442,0.379339157
12453,0.369204818
12460,0.282521972
12476,0.328055746
12479,0.77152908
12483,0.80102568
12506,0.382787998
12531,0.321801301
12549,0.357135772
12556,0.419660032
12581,0.933157377
12583,0.411573262
12588,0.317977561
12594,0.631337177
12598,0.380779987
12599,0.822741909
12606,0.420287701
12610,0.640577908
12616,0.413099224
12621,0.381860608
12625,0.352585968
12631,0.397966658
12646,0.606717276
12664,0.377196011
12670,0.794984851
12695,0.294781043
12704,0.27107233
12707,0.434128417
12710,0.66095304
12725,0.632256218
12731,0.286426906
12737,0.337939542
12739,0.675373694
12752,0.344792669
12755,0.663717575
12788,0.24676246
12797,0.627711235
12808,0.358638986
12809,0.397609258
12831,0.334608231
12836,0.355539331
12853,0.323388515
12854,0.335597361
12859,0.723368573
12861,0.600124507
12866,0.377671089
12894,0.276574735
12911,0.289398036
12914,0.303419197
12924,0.310235626
12931,0.588810305
12950,0.737331789
12953,0.558729624
12961,0.408797986
12962,0.681401381
12964,0.364846099
12994,0.377521193
13006,0.342812932
13021,0.371426813
13025,0.446552067
13038,0.409997963
13047,0.75261663
13062,0.430039716
13066,0.302226207
13078,0.673500493
13092,0.329710034
13093,0.301634725
13099,0.273763993
13104,0.28515704
13108,0.317337654
13118,0.288378894
13134,0.254072284
13137,0.754114817
13163,0.594418689
13182,0.801538409
13185,0.285294292
13186,0.219282577
13219,0.357265483
13220,0.416579516
13224,0.358008712
13226,0.273653409
13229,0.560845399
13230,0.795492803
13232,0.803405619
13235,0.349848328
13257,0.371682351
13265,0.341753261
13274,0.763351433
13290,0.308909255
13308,0.564811338
13311,0.58795347
13321,0.74607953
13344,0.4260904
13357,0.305673735
13358,0.337121749
13362,0.375019645
13371,0.620087469
13379,0.368002069
13380,0.611823177
13385,0.262111556
13388,0.411620731
13394,0.932602819
13397,0.715276943
13400,0.305659075
13430,0.260830995
13440,0.624741383
13450,0.382230562
13453,0.372512363
13454,0.339942041
13457,0.392144976
13477,0.339921445
13486,0.351891537
13489,0.412036092
13514,0.797436151
13521,0.361616163
13524,0.356037763
13526,0.350391325
13528,0.194039058
13549,0.377834701
13559,0.372870078
13586,0.338801534
13604,0.275501375
13614,0.362509825
13636,0.432455037
13659,0.346194703
13662,0.36747761
13671,0.39032774
13674,0.638013598
13716,0.639949425
13719,0.60655847
13750,0.386686635
13754,0.388758569
13759,0.296570688
13761,0.307698081
13767,0.774044816
13778,0.315295147
13779,0.382436667
13782,0.290066094
13788,0.310530186
13829,0.272391281
13838,0.337529636
13853,0.304426306
13864,0.341939744
13866,0.527645329
13867,0.307924717
13871,0.584536835
13882,0.31736906
13885,0.386040769
13886,0.314647647
13900,0.258529112
13908,0.365364225
13919,0.355927101
13925,0.279050855
13933,0.417867245
13934,0.346452899
13951,0.078278269
13956,0.510529997
13958,0.518683253
13965,0.424525506
13973,0.353831427
13996,0.286950352
14012,0.377761595
14013,0.354315452
14023,0.526961931
14030,0.583063927
14035,0.275341357
14036,0.73306751
14039,0.28741326
14042,0.325158514
14046,0.62523799
14048,0.660657088
14057,0.384766354
14068,0.332475164
14069,0.696351539
14079,0.414290697
14088,0.301536826
14108,0.618612607
14112,0.24524492
14114,0.174256463
14119,0.418906674
14130,0.369993464
14151,0.602016
14154,0.26017335
14167,0.360628186
14191,0.323424798
14225,0.313298397
14229,0.407347755
14236,0.533829935
14242,0.746718947
14244,0.077043216
14249,0.657441393
14272,0.384777902
14275,0.578901456
14282,0.693103337
14291,0.395414688
14321,0.592521765
14334,0.30367914
14339,0.17734742
14341,0.76217694
14343,0.438707293
14353,0.41002219
14368,0.267538251
14403,0.361233979
14409,0.306801177
14411,0.682686281
14418,0.365224233
14428,0.28660985
14430,0.351743985
14434,0.719981855
14436,0.574265031
14440,0.35213509
14449,0.739680209
14453,0.259548364
14456,0.612056305
14457,0.294836102
14469,0.593742701
14479,0.689624579
14483,0.277774908
14487,0.750768094
14492,0.363223028
14501,0.605799347
14504,0.300679253
14525,0.273513729
14536,0.430362968
14538,0.527401517
14567,0.674725206
14570,0.350500254
14571,0.331951545
14583,0.907187035
14593,0.721673459
14637,0.578636033
14651,0.401251158
14652,0.747247312
14671,0.314555726
14686,0.291999039
14693,0.296376241
14711,0.344421271
14715,0.662647956
14716,0.597538144
14730,0.319986119
14745,0.352498477
14747,0.347807886
14756,0.611418323
14781,0.721761408
14783,0.655669763
14791,0.314152093
14796,0.280875969
14812,0.35668056
14817,0.668924671
14864,0.295791036
14882,0.311876247
14899,0.188638027
14904,0.629998414
14932,0.333443253
14937,0.359457416
14970,0.466238599
14977,0.304123716
14981,0.317418758
14983,0.671713347
14998,0.372776287
15044,0.298698652
15053,0.686963186
15054,0.704112362
15057,0.436060333
15067,0.702557693
15084,0.798103299
15095,0.306977591
15109,0.355969416
15141,0.246563242
15144,0.291454745
15154,0.262113408
15161,0.43025524
15164,0.525909776
15167,0.357250202
15170,0.304597085
15181,0.646452724
15200,0.596206263
15203,0.335072389
15211,0.352308937
15231,0.284480281
15238,0.361325516
15249,0.324702871
15250,0.693802352
15267,0.301794889
15283,0.779663627
15286,0.363226909
15288,0.588102401
15316,0.33699927
15335,0.30416087
15343,0.260822668
15350,0.435890636
15362,0.649901657
15367,0.46315837
15373,0.585113897
15386,0.587523077
15395,0.334921442
15410,0.269614031
15413,0.285989723
15418,0.704111502
15452,0.373329976
15456,0.567952248
15458,0.290478035
15460,0.286348979
15473,0.686380317
15474,0.350814818
15504,0.372523514
15507,0.616735908
15508,0.713960019
15521,0.355212976
15531,0.30507624
15538,0.669316269
15539,0.28921059
15544,0.337144229
15554,0.3454525
15555,0.427994481
15560,0.266345659
15564,0.722809266
15591,0.335489673
15625,0.434151842
15628,0.313556977
15635,0.248021391
15650,0.656145342
15653,0.637727385
15654,0.331401564
15658,0.167652202
15666,0.341043347
15682,0.219338335
15692,0.576936605
15710,0.634353513
15716,0.281784419
15726,0.632239807
15738,0.260751169
15753,0.801284436
15768,0.718968591
15775,0.389398906
15814,0.247129349
15844,0.773842803
15865,0.341965665
15892,0.725088644
15902,0.357351307
15903,0.26681597
15907,0.640797561
15909,0.304155705
15926,0.706639856
15932,0.285707036
15937,0.4291863
15952,0.336357852
15954,0.283692299
15969,0.324861196
15971,0.270550379
15975,0.920606455
15984,0.251073689
15985,0.252469171
16002,0.705367053
16010,0.338508076
16016,0.663690068
16020,0.299917667
16031,0.330954266
16060,0.289613493
16061,0.279336484
16068,0.263043125
16073,0.534875725
16079,0.297681388
16096,0.537494993
16110,0.199346948
16115,0.589602274
16143,0.688459738
16144,0.644126867
16165,0.27261942
16171,0.366310595
16172,0.313655619
16174,0.244231288
16181,0.294080924
16194,0.29432707
16198,0.23288539
16218,0.418137408
16244,0.599879428
16249,0.521964254
16263,0.295158912
16271,0.416523044
16274,0.334500209
16300,0.238116986
16309,0.647365136
16310,0.36152949
16320,0.404922541
16372,0.314893523
16375,0.234763616
16385,0.643001024
16396,0.478126426
16397,0.336468941
16402,0.334636237
16405,0.382777097
16406,0.402080125
16421,0.325263384
16434,0.744879647
16447,0.677534346
16451,0.349841141
16452,0.337261978
16474,0.268043782
16483,0.302790191
16510,0.738309768
16520,0.279040022
16528,0.08411194
16534,0.291574337
16535,0.243438739
16537,0.265080202
16539,0.591717945
16570,0.327675967
16580,0.630641945
16581,0.605522323
16590,0.276086952
16614,0.318843551
16633,0.284416084
16650,0.299235049
16654,0.535798436
16655,0.328709733
16668,0.266251747
16676,0.614721164
16690,0.290992914
16695,0.280336783
16708,0.348921331
16715,0.2895954
16745,0.301521451
16760,0.641339433
16782,0.63663641
16783,0.646916614
16785,0.307830177
16791,0.758252175
16796,0.775664216
16811,0.263465086
16814,0.342739582
16819,0.321246436
16821,0.287850046
16824,0.304838639
16827,0.422161555
16855,0.258145787
16857,0.191182399
16862,0.302301822
16863,0.624995499
16875,0.301851282
16876,0.177567084
16889,0.230823065
16890,0.340625463
16896,0.591064962
16899,0.396407735
16919,0.713419421
16932,0.342395602
16937,0.33646187
16944,0.268290921
16953,0.254793159
16961,0.261897587
16967,0.270784261
16979,0.61098118
16985,0.273490009
16995,0.271532222
17001,0.288553368
17002,0.281901665
17007,0.309376767
17014,0.256334386
17020,0.490847841
17027,0.521006094
17046,0.29589064
17059,0.541664427
17067,0.723772296
17069,0.62340833
17071,0.490894146
17083,0.269016692
17093,0.372784048
17110,0.261315045
17120,0.307413414
17134,0.634529487
17144,0.848484083
17183,0.563955485
17184,0.620264847
17190,0.67641413
17196,0.584906345
17219,0.2586579
17247,0.307907604
17249,0.322394143
17291,0.541138965
17299,0.538900413
17312,0.705028452
17316,0.366792004
17318,0.500810336
17326,0.339406352
17330,0.247450454
17337,0.615633482
17373,0.265090156
17375,0.39928211
17391,0.27574481
17393,0.326412745
17401,0.651854448
17417,0.233156484
17418,0.339116474
17441,0.298036115
17448,0.625992826
17464,0.57583218
17470,0.388161348
17475,0.606445031
17484,0.280865136
17488,0.203391462
17501,0.249172974
17518,0.331870639
17521,0.300074374
17526,0.250743438
17530,0.255373583
17546,0.617117663
17551,0.258327451
17559,0.294128374
17570,0.627318042
17573,0.264294772
17574,0.520727323
17596,0.457121871
17597,0.262102184
17608,0.550849292
17615,0.254028788
17618,0.313617424
17632,0.268215967
17658,0.303595643
17667,0.277269346
17670,0.658964505
17672,0.256127241
17681,0.791042141
17697,0.662520768
17702,0.350403498
17716,0.457282516
17723,0.257708892
17729,0.756193906
17735,0.232044808
17736,0.533950156
17762,0.343673107
17767,0.369809281
17774,0.282525711
17781,0.257381221
17782,0.605916555
17785,0.218383752
17787,0.299074656
17807,0.28429702
17809,0.484275352
17813,0.699631312
17816,0.485738144
17822,0.681364068
17823,0.255554102
17827,0.493692536
17831,0.210340564
17835,0.322850914
17855,0.225603508
17857,0.274859844
17858,0.493146641
17868,0.222679969
17871,0.269528506
17872,0.285132345
17883,0.233184358
17884,0.232083914
17891,0.234721122
17896,0.29997299
17899,0.48039179
17916,0.423081809
17926,0.352525062
17930,0.246000569
17932,0.609630615
17934,0.290637867
17959,0.421214385
17971,0.367951131
17981,0.216155338
17986,0.225775964
17996,0.547745433
17997,0.152658074
18021,0.686651939
18028,0.654571616
18042,0.284802759
18043,0.4000534
18074,0.292668356
18077,0.298927408
18082,0.532152355
18099,0.246485409
18106,0.255821414
18110,0.287305012
18112,0.289776229
18121,0.243458021
18157,0.86274556
18163,0.198015499
18171,0.300082787
18179,0.28153139
18186,0.787263287
18191,0.283942084
18201,0.534560509
18211,0.262192974
18222,0.41192239
18237,0.273539166
18255,0.241145257
18260,0.206075418
18266,0.426150666
18275,0.285600282
18287,0.283628339
18294,0.213435433
18301,0.246698699
18325,0.29639503
18332,0.666716489
18334,0.489796328
18361,0.315118809
18373,0.248704237
18387,0.234205471
18400,0.457833109
18402,0.198485617
18410,0.266129673
18434,0.679968944
18443,0.258934886
18466,0.262069227
18468,0.151072833
18479,0.226568539
18484,0.269160089
18487,0.277048671
18491,0.283250803
18506,0.210204038
18512,0.283608475
18514,0.636454822
18517,0.62211813
18546,0.55560314
18565,0.245789649
18594,0.393968294
18628,0.224771294
18633,0.440874983
18635,0.443970435
18637,0.624192966
18666,0.758749942
18670,0.6651805
18693,0.522573976
18699,0.225128312
18706,0.149891038
18711,0.427218721
18723,0.538738838
18726,0.612363372
18733,0.549540112
18737,0.207605023
18738,0.652527211
18742,0.57566589
18752,0.456515906
18756,0.289889956
18800,0.275518174
18810,0.536313044
18811,0.547099403
18816,0.764641173
18822,0.267663503
18825,0.573326132
18830,0.226724854
18831,0.247726002
18844,0.257712116
18852,0.233023348
18861,0.698150189
18888,0.256722043
18889,0.223537344
18911,0.496180193
18950,0.265742917
18964,0.247295307
18971,0.521223731
18972,0.234104519
18976,0.520766781
19017,0.523949404
19025,0.586778821
19066,0.598688364
19069,0.206772126
19071,0.228394069
19085,0.211557829
19114,0.365732846
19118,0.524458419
19130,0.182514726
19131,0.183964452
19136,0.215140386
19155,0.503907592
19165,0.191764693
19176,0.217646881
19185,0.704326641
19186,0.233352134
19203,0.217593421
19214,0.558413991
19220,0.376432309
19236,0.359508373
19238,0.820637761
19242,0.271318697
19253,0.320218031
19255,0.341263703
19266,0.330956508
19267,0.340627489
19274,0.385681519
19281,0.388502497
19292,0.919427343
19295,0.706888515
19313,0.399158875
19316,0.690656422
19328,0.713235102
19333,0.312409417
19358,0.298521546
19364,0.386047797
19376,0.309033841
19390,0.355341159
19396,0.417912765
19426,0.328529886
19440,0.292518344
19445,0.378669273
19460,0.384070591
19463,0.375577021
19467,0.320803095
19475,0.329270406
19478,0.279243936
19503,0.392965083
19511,0.305338619
19512,0.669042879
19526,0.711972949
19546,0.284407304
19554,0.924765663
19566,0.913667563
19588,0.908643284
19609,0.389208446
19612,0.337369037
19626,0.342636113
19630,0.313238283
19643,0.894481394
19645,0.341410461
19650,0.742831765
19651,0.336352027
19659,0.359559285
19666,0.34806217
19676,0.926447547
19682,0.364809789
19690,0.39745029
19732,0.389911604
19736,0.355192077
19739,0.351723857
19743,0.628817888
19744,0.631064928
19748,0.288550762
19756,0.659456837
19773,0.270129902
19777,0.338397532
19790,0.375128604
19791,0.297749588
19809,0.354817718
19811,0.298486869
19819,0.279632075
19845,0.649867631
19860,0.404781143
19864,0.34699111
19873,0.675446053
19891,0.310774888
19897,0.413080093
19903,0.311872067
19924,0.344165163
19929,0.302378123
19933,0.339423312
19940,0.672734931
19953,0.329658744
19966,0.276543488
19967,0.915420021
19969,0.647493031
19977,0.306313344
19986,0.700798862
19987,0.30579526
20003,0.537405627
20008,0.69154281
20023,0.673055556
20026,0.362682092
20053,0.249834001
20059,0.701291904
20069,0.684548127
20083,0.301908444
20101,0.356315875
20107,0.418078867
20113,0.293323633
20118,0.201509104
20120,0.310709431
20137,0.394141562
20148,0.309994675
20153,0.379593412
20166,0.313940337
20180,0.3468421
20189,0.299597135
20190,0.921461764
20193,0.372525595
20202,0.684548127
20212,0.381958979
20249,0.334718649
20280,0.658655303
20296,0.306381437
20303,0.899063835
20304,0.899063835
20316,0.381704296
20336,0.407177726
20342,0.329114684
20361,0.330381902
20374,0.361978933
20389,0.443244962
20392,0.345428326
20406,0.73304872
20417,0.435233488
20427,0.370674869
20433,0.337129504
20434,0.364307759
20443,0.377916285
20461,0.412084545
20462,0.30570449
20465,0.28091186
20467,0.303780609
20475,0.431684382
20479,0.327742662
20495,0.346079429
20497,0.287449226
20504,0.438658151
20508,0.35790816
20524,0.924159447
20531,0.400435897
20545,0.345544468
20549,0.095491012
20556,0.390386531
20557,0.927450057
20560,0.310704556
20566,0.362961444
20570,0.391219971
20575,0.709294038
20638,0.322008363
20644,0.329881355
20658,0.395883388
20661,0.332841736
20662,0.706671845
20687,0.746392215
20708,0.34555695
20726,0.430544329
20735,0.37653076
20741,0.402527165
20745,0.424791658
20749,0.422630038
20752,0.393577245
20757,0.317173268
20767,0.298365606
20769,0.411423918
20776,0.398450018
20794,0.449219355
20803,0.390353332
20814,0.368407309
20816,0.31478546
20832,0.410221791
20833,0.399893294
20838,0.305005125
20843,0.335223715
20857,0.729946269
20859,0.430771548
20871,0.928141425
20876,0.434620747
20889,0.769394842
20898,0.379743428
20909,0.392124004
20912,0.351213092
20947,0.687633873
20965,0.428897267
20986,0.32372504
20988,0.683628475
20989,0.328085652
20993,0.723865701
20998,0.414826126
21020,0.683281216
21037,0.700525482
21042,0.296044783
21067,0.382320298
21073,0.717782563
21079,0.27913743
21086,0.281098587
21088,0.426219008
21093,0.296284689
21127,0.397992521
21142,0.354705184
21145,0.329248218
21154,0.294798837
21155,0.699192187
21158,0.936515716
21159,0.455021252
21173,0.313554582
21180,0.400509018
21182,0.71221783
21209,0.719287712
21220,0.332922773
21221,0.408323506
21226,0.367583861
21242,0.375130305
21251,0.931695561
21253,0.368355923
21263,0.737656546
21277,0.730709063
21279,0.356855386
21281,0.407147707
21307,0.311087561
21317,0.689163431
21325,0.429438401
21333,0.307478511
21344,0.730914743
21348,0.382500919
21355,0.34033891
21357,0.419591499
21361,0.702984409
21365,0.328738113
21368,0.382792575
21379,0.310623057
21401,0.381595131
21402,0.369846333
21407,0.725824367
21417,0.726382204
21424,0.331893383
21426,0.752947173
21428,0.459070796
21436,0.393238119
21481,0.71593733
21483,0.253829796
21533,0.917526193
21540,0.692862541
21545,0.704554743
21555,0.835371713
21561,0.319711689
21573,0.216934848
21579,0.759181849
21580,0.762769
21587,0.29382502
21589,0.296358201
21597,0.299829236
21601,0.6965129
21602,0.932872398
21612,0.920017595
21629,0.393520781
21631,0.329873568
21646,0.215195191
21657,0.359111826
21666,0.386085391
21672,0.298536664
21688,0.371767724
21696,0.345658666
21703,0.415848342
21706,0.713424404
21708,0.6209297
21730,0.696290504
21743,0.402530608
21750,0.745965337
21752,0.769220805
21757,0.741622957
21760,0.417142122
21764,0.716794383
21769,0.346990269
21775,0.323006724
21777,0.755052174
21796,0.282901636
21797,0.433307895
21811,0.475562076
21814,0.372584278
21820,0.408401544
21826,0.396325694
21834,0.362739204
21836,0.405912906
21837,0.374326399
21838,0.340624931
21847,0.696365962
21853,0.322341696
21856,0.677793021
21865,0.380364967
21885,0.392146381
21901,0.377442008
21908,0.380595633
21932,0.384408472
21965,0.374825319
21973,0.305779542
21975,0.407522424
21977,0.401013899
21996,0.72284408
21999,0.38619426
22010,0.330921429
22015,0.648048825
22016,0.394474971
22018,0.406199338
22029,0.357083408
22052,0.326302436
22053,0.418094217
22056,0.32606668
22057,0.395580922
22067,0.597266714
22069,0.387464404
22082,0.288390232
22092,0.351884695
22098,0.297725652
22100,0.360693149
22114,0.360540248
22124,0.812100748
22133,0.392580348
22145,0.356816892
22165,0.399262403
22175,0.328835877
22189,0.619573368
22193,0.798616523
22211,0.366123703
22213,0.347587775
22222,0.284954733
22226,0.289274006
22247,0.368189493
22255,0.360585008
22256,0.310561866
22258,0.272656727
22276,0.38468184
22283,0.921496226
22298,0.924305791
22323,0.221696429
22325,0.723496101
22329,0.311203722
22332,0.387543742
22363,0.241826196
22367,0.390633481
22386,0.642600525
22397,0.709607276
22416,0.832765591
22417,0.35289943
22419,0.389942881
22422,0.325364739
22426,0.31271239
22441,0.336086206
22459,0.381308309
22469,0.382294534
22472,0.228268442
22485,0.31741004
22502,0.918110053
22503,0.331260599
22504,0.420389644
22530,0.375373563
22547,0.911432988
22549,0.280322391
22556,0.917666975
22557,0.373985315
22578,0.70687835
22603,0.71674364
22625,0.300348621
22633,0.775516419
22639,0.303343972
22641,0.295377548
22646,0.305614735
22649,0.300487343
22663,0.256935066
22667,0.389010731
22669,0.35489714
22674,0.364806668
22705,0.320803946
22724,0.314407851
22741,0.295806842
22755,0.638226215
22765,0.63695477
22789,0.349803713
22797,0.406461727
22799,0.397470656
22819,0.320458918
22842,0.75111166
22855,0.348285986
22868,0.246953214
22883,0.58514719
22893,0.326122131
22896,0.723023011
22931,0.371728447
22940,0.610756077
22947,0.291747056
22953,0.276940546
22955,0.287913224
22957,0.317208647
22991,0.752376103
23000,0.606980667
23013,0.310915806
23020,0.255898819
23030,0.196738636
23034,0.3640468
23036,0.756851596
23038,0.288304762
23042,0.748540787
23050,0.720145874
23055,0.34894989
23064,0.325979045
23086,0.343894845
23105,0.30203647
23108,0.31223852
23111,0.340199557
23115,0.386134841
23117,0.327192742
23127,0.325318287
23138,0.31362184
23150,0.346802339
23162,0.375449303
23182,0.339985614
23188,0.593438638
23191,0.331388229
23199,0.307084354
23204,0.333058932
23207,0.354345655
23225,0.382586511
23230,0.756206787
23255,0.451223618
23274,0.821601691
23281,0.439184815
23307,0.617634226
23309,0.355792197
23319,0.443622087
23336,0.925632641
23339,0.401358641
23343,0.286958305
23355,0.432818291
23362,0.407312514
23366,0.413114468
23371,0.674945616
23375,0.442496899
23398,0.409342733
23419,0.368922861
23436,0.793215053
23474,0.273532566
23481,0.379924846
23490,0.621989578
23508,0.921955013
23512,0.34933583
23522,0.32085845
23526,0.612368219
23528,0.386952143
23530,0.380324483
23532,0.321251848
23539,0.715589888
23549,0.361868602
23551,0.731707846
23561,0.371841579
23562,0.377658429
23569,0.700024847
23579,0.328331172
23586,0.746529474
23594,0.33067672
23598,0.409222462
23604,0.42263801
23614,0.710760057
23623,0.391264629
23626,0.428345236
23628,0.370890977
23643,0.609760235
23646,0.349557301
23663,0.278221658
23665,0.315688856
23689,0.395529821
23725,0.697853524
23736,0.36044258
23740,0.307860284
23748,0.617689334
23753,0.367125654
23761,0.386907941
23777,0.764445242
23814,0.383408088
23826,0.630637543
23831,0.327542262
23840,0.343572266
23857,0.771709682
23886,0.427259099
23887,0.414016295
23902,0.380170147
23907,0.111994871
23911,0.424158826
23913,0.381630756
23914,0.419683609
23928,0.324514282
23933,0.795314672
23938,0.377211641
23950,0.342044422
23957,0.373573472
23960,0.304737026
23963,0.346429856
23964,0.354137012
23966,0.412400762
23967,0.355864217
23977,0.335570912
23984,0.378196695
23996,0.404344981
24006,0.275463608
24007,0.37693407
24011,0.359742522
24022,0.760454201
24024,0.39685957
24026,0.244815456
24028,0.747705347
24038,0.741484061
24042,0.722869825
24048,0.35528382
24049,0.367320986
24059,0.776473688
24064,0.690554154
24067,0.723632014
24078,0.269904966
24086,0.338252164
24096,0.696559972
24100,0.387532277
24107,0.400734423
24113,0.921833309
24133,0.417767361
24139,0.799830574
24151,0.348980671
24163,0.344726846
24164,0.403966628
24165,0.405489236
24169,0.314410509
24175,0.335462809
24185,0.568649074
24187,0.734191862
24197,0.787544548
24204,0.656941465
24226,0.790924738
24243,0.703531482
24244,0.292034757
24246,0.384234909
24263,0.627576506
24268,0.401612052
24271,0.356398031
24273,0.326864629
24297,0.642296398
24298,0.358726598
24317,0.333750776
24321,0.293385205
24329,0.779770028
24338,0.546969753
24342,0.258639244
24343,0.66388272
24348,0.274683824
24351,0.373330446
24352,0.671285439
24368,0.702707092
24374,0.640516944
24383,0.385566788
24384,0.780124564
24388,0.26028188
24437,0.380812566
24451,0.574542095
24459,0.31393229
24460,0.666162776
24466,0.796722904
24502,0.762740323
24509,0.306979368
24510,0.670796097
24518,0.434363309
24530,0.365012446
24532,0.290277225
24560,0.427544279
24569,0.238191793
24585,0.781664409
24594,0.58788482
24605,0.691093484
24615,0.372048245
24628,0.779441398
24634,0.25214181
24640,0.298594367
24662,0.723524314
24683,0.353371268
24703,0.315946876
24706,0.398556937
24711,0.322521178
24726,0.740373541
24733,0.3400146
24734,0.627689394
24738,0.627640749
24751,0.263156133
24756,0.300599756
24759,0.276624173
24763,0.330209723
24775,0.350623826
24779,0.346206459
24806,0.704845355
24808,0.558587991
24809,0.291636116
24828,0.268378226
24835,0.252518116
24850,0.307624473
24865,0.174154756
24866,0.325765448
24869,0.361720568
24875,0.53831674
24898,0.343650812
24901,0.784791452
24904,0.359009232
24906,0.384731703
24923,0.702284998
24926,0.221918245
24944,0.33700937
24953,0.083835214
24958,0.42947609
24960,0.378497137
24978,0.376308911
24983,0.370732122
24988,0.355458285
24991,0.356138011
25007,0.344393488
25010,0.292762481
25027,0.26167146
25028,0.293445556
25032,0.720596481
25033,0.604646166
25049,0.480755865
25067,0.600231451
25069,0.650011155
25082,0.337215829
25089,0.255816837
25091,0.418211386
25119,0.281065709
25134,0.920729289
25138,0.847947562
25141,0.574267198
25161,0.338136651
25164,0.685868791
25173,0.203097286
25196,0.297395772
25197,0.331239716
25198,0.373382522
25202,0.703026445
25227,0.293298815
25243,0.079619096
25255,0.402103011
25261,0.329547788
25278,0.394822514
25282,0.760910569
25291,0.417228531
25293,0.394276073
25302,0.716046981
25304,0.30946256
25322,0.320827421
25326,0.418272323
25328,0.320984355
25329,0.348901816
25334,0.354726743
25363,0.759493476
25364,0.330777347
25413,0.341795572
25422,0.706150834
25427,0.390265646
25455,0.252670684
25457,0.387818034
25469,0.443254467
25476,0.723083995
25490,0.37851523
25499,0.401382518
25524,0.434936946
25532,0.374642284
25559,0.702427878
25580,0.378217518
25585,0.711091629
25587,0.374994673
25593,0.425979128
25594,0.402307549
25628,0.716484744
25643,0.324604487
25645,0.287392885
25660,0.322072995
25675,0.746939021
25690,0.278802282
